{
  "rewrites": [
    { "source": "/((?!assets|icons|sw.js|workbox-.*|manifest.webmanifest|favicon.svg).*)", "destination": "/index.html" }
  ],
  "headers": [
    {
      "source": "/sw.js",
      "headers": [
        { "key": "Cache-Control", "value": "no-cache, no-store, must-revalidate" },
        { "key": "Service-Worker-Allowed", "value": "/" }
      ]
    },
    {
      "source": "/manifest.webmanifest",
      "headers": [
        { "key": "Content-Type", "value": "application/manifest+json" }
      ]
    }
  ]
}
