{
	"appId": "com.betterdays.ascend",
	"appName": "Ascend",
	"webDir": "dist",
	"ios": {
		"contentInset": "automatic",
		"preferredContentMode": "mobile",
		"backgroundColor": "#121212"
	},
	"plugins": {
		"StatusBar": {
			"style": "dark"
		},
		"Keyboard": {
			"resize": "body",
			"resizeOnFullScreen": true
		},
		"SplashScreen": {
			"launchShowDuration": 2000,
			"backgroundColor": "#121212",
			"showSpinner": false
		}
	},
	"packageClassList": [
		"AppPlugin",
		"HapticsPlugin",
		"KeyboardPlugin",
		"StatusBarPlugin",
		"PurchasesPlugin"
	]
}
